"Name","Team","Position","Age","Height","Weight","College","Salary"
"Juhann Begarin","Boston Celtics","SG","19","6' 5""","185 lbs","",""
"Jaylen Brown","Boston Celtics","SG","24","6' 6""","223 lbs","California","$26,758,928"
"Kris Dunn","Boston Celtics","PG","27","6' 3""","205 lbs","Providence","$5,005,350"
"Carsen Edwards","Boston Celtics","PG","23","5' 11""","200 lbs","Purdue","$1,782,621"
"Tacko Fall","Boston Celtics","C","25","7' 5""","311 lbs","UCF",""
"Bruno Fernando","Boston Celtics","F","23","6' 9""","240 lbs","Maryland","$1,782,621"
"Al Horford","Boston Celtics","C","35","6' 9""","240 lbs","Florida","$27,000,000"
"Enes Kanter","Boston Celtics","C","29","6' 10""","250 lbs","Kentucky","$1,669,178"
"Luke Kornet","Boston Celtics","C","26","7' 2""","250 lbs","Vanderbilt",""
"Romeo Langford","Boston Celtics","SG","21","6' 4""","216 lbs","Indiana","$3,804,360"
"Aaron Nesmith","Boston Celtics","SF","21","6' 5""","215 lbs","Vanderbilt","$3,631,200"
"Jabari Parker","Boston Celtics","PF","26","6' 8""","245 lbs","Duke","$2,283,034"
"Payton Pritchard","Boston Celtics","PG","23","6' 1""","195 lbs","Oregon","$2,137,440"
"Josh Richardson","Boston Celtics","SG","27","6' 5""","200 lbs","Tennessee","$11,615,328"
"Dennis Schroder","Boston Celtics","PG","27","6' 3""","172 lbs","","$5,890,000"
"Marcus Smart","Boston Celtics","PG","27","6' 3""","220 lbs","Oklahoma State","$14,339,285"
"Jayson Tatum","Boston Celtics","SF","23","6' 8""","210 lbs","Duke","$28,103,500"
"Grant Williams","Boston Celtics","PF","22","6' 6""","236 lbs","Tennessee","$2,617,800"
"Robert Williams III","Boston Celtics","C","23","6' 8""","237 lbs","Texas A&M","$3,661,976"
"LaMarcus Aldridge","Brooklyn Nets","F","36","6' 11""","250 lbs","Texas",""
"DeAndre' Bembry","Brooklyn Nets","SG","27","6' 5""","210 lbs","Saint Joseph's","$1,669,178"
"Bruce Brown","Brooklyn Nets","SF","25","6' 4""","202 lbs","Miami (FL)","$4,736,102"
"Jevon Carter","Brooklyn Nets","PG","25","6' 1""","200 lbs","West Virginia","$3,650,000"
"Nicolas Claxton","Brooklyn Nets","PF","22","6' 11""","215 lbs","Georgia","$1,782,621"
"Sekou Doumbouya","Brooklyn Nets","SF","20","6' 8""","230 lbs","","$3,613,680"
"Kevin Durant","Brooklyn Nets","PF","32","6' 10""","240 lbs","Texas","$42,018,900"
"Kessler Edwards","Brooklyn Nets","SF","21","6' 8""","215 lbs","Pepperdine",""
"RaiQuan Gray","Brooklyn Nets","PF","22","6' 8""","260 lbs","Florida State",""
"Blake Griffin","Brooklyn Nets","PF","32","6' 9""","250 lbs","Oklahoma","$1,669,178"
"James Harden","Brooklyn Nets","SG","32","6' 5""","220 lbs","Arizona State","$44,310,840"
"Joe Harris","Brooklyn Nets","SF","30","6' 6""","220 lbs","Virginia","$17,357,143"
"Kyrie Irving","Brooklyn Nets","PG","29","6' 2""","195 lbs","Duke","$35,328,700"
"Mike James","Brooklyn Nets","PG","31","6' 1""","175 lbs","Eastern Arizona Coll. (J.C.)",""
"Alize Johnson","Brooklyn Nets","PF","25","6' 7""","212 lbs","Missouri State","$1,762,796"
"James Johnson","Brooklyn Nets","PF","34","6' 7""","240 lbs","Wake Forest","$1,669,178"
"Tyler Johnson","Brooklyn Nets","SG","29","6' 3""","186 lbs","Fresno State",""
"Timothe Luwawu-Cabarrot","Brooklyn Nets","SG","26","6' 7""","220 lbs","",""
"Patty Mills","Brooklyn Nets","PG","33","6' 1""","180 lbs","Saint Mary's","$5,890,000"
"Paul Millsap","Brooklyn Nets","PF","36","6' 7""","257 lbs","Louisiana Tech",""
"Jahlil Okafor","Brooklyn Nets","C","25","6' 10""","270 lbs","Duke","$2,130,023"
"Reggie Perry","Brooklyn Nets","PF","21","6' 8""","250 lbs","Mississippi State",""
"Day'Ron Sharpe","Brooklyn Nets","C","19","6' 11""","265 lbs","North Carolina","$2,009,040"
"Cameron Thomas","Brooklyn Nets","SG","19","6' 4""","210 lbs","LSU","$2,036,280"
"Marcus Zegarowski","Brooklyn Nets","PG","23","6' 2""","181 lbs","Creighton",""
"Dwayne Bacon","New York Knicks","SG","26","6' 6""","221 lbs","Florida State","$1,824,003"
"RJ Barrett","New York Knicks","SG","21","6' 6""","214 lbs","Duke","$8,623,920"
"Alec Burks","New York Knicks","SG","30","6' 6""","214 lbs","Colorado","$9,536,000"
"Evan Fournier","New York Knicks","G","28","6' 7""","205 lbs","","$17,000,000"
"Taj Gibson","New York Knicks","C","36","6' 9""","232 lbs","USC","$4,910,000"
"Quentin Grimes","New York Knicks","SG","21","6' 5""","205 lbs","Houston","$2,168,760"
"Jared Harper","New York Knicks","PG","23","5' 10""","175 lbs","Auburn",""
"Kevin Knox II","New York Knicks","SF","22","6' 7""","215 lbs","Kentucky","$5,845,979"
"Miles McBride","New York Knicks","PG","20","6' 2""","200 lbs","West Virginia","$925,258"
"Nerlens Noel","New York Knicks","C","27","6' 11""","220 lbs","Kentucky","$8,000,000"
"Frank Ntilikina","New York Knicks","PG","23","6' 4""","200 lbs","",""
"Norvel Pelle","New York Knicks","PF","28","6' 10""","231 lbs","St. John's",""
"Theo Pinson","New York Knicks","SG","25","6' 5""","212 lbs","North Carolina",""
"Immanuel Quickley","New York Knicks","SG","22","6' 3""","190 lbs","Kentucky","$2,210,640"
"Julius Randle","New York Knicks","PF","26","6' 8""","250 lbs","Kentucky","$21,780,000"
"Mitchell Robinson","New York Knicks","C","23","7' 0""","240 lbs","","$1,802,057"
"Derrick Rose","New York Knicks","PG","32","6' 2""","200 lbs","Memphis","$13,445,120"
"Jericho Sims","New York Knicks","PF","22","6' 10""","245 lbs","Texas",""
"Obi Toppin","New York Knicks","PF","23","6' 9""","220 lbs","Dayton","$5,105,160"
"Luca Vildoza","New York Knicks","PG","26","6' 3""","190 lbs","","$3,325,000"
"Kemba Walker","New York Knicks","PG","31","6' 0""","184 lbs","Connecticut","$36,016,200"
"Charles Bassey","Philadelphia Sixers","C","20","6' 11""","235 lbs","Western Kentucky",""
"Gary Clark","Philadelphia Sixers","SF","26","6' 6""","225 lbs","Cincinnati",""
"Seth Curry","Philadelphia Sixers","SG","31","6' 2""","185 lbs","Duke","$8,207,518"
"Andre Drummond","Philadelphia Sixers","C","28","6' 10""","279 lbs","Connecticut","$1,669,178"
"Joel Embiid","Philadelphia Sixers","C","27","7' 0""","280 lbs","Kansas","$31,579,390"
"Danny Green","Philadelphia Sixers","SF","34","6' 6""","215 lbs","North Carolina","$10,000,000"
"Tobias Harris","Philadelphia Sixers","PF","29","6' 8""","226 lbs","Tennessee","$35,995,950"
"Aaron Henry","Philadelphia Sixers","F","22","6' 6""","210 lbs","Michigan State",""
"Isaiah Joe","Philadelphia Sixers","SG","22","6' 4""","165 lbs","Arkansas","$1,517,981"
"Furkan Korkmaz","Philadelphia Sixers","SG","24","6' 7""","202 lbs","","$4,629,630"
"Tyrese Maxey","Philadelphia Sixers","PG","20","6' 2""","200 lbs","Kentucky","$2,602,920"
"Shake Milton","Philadelphia Sixers","SG","24","6' 5""","205 lbs","SMU","$1,846,738"
"Georges Niang","Philadelphia Sixers","F","28","6' 7""","230 lbs","Iowa State","$3,300,000"
"Filip Petrusev","Philadelphia Sixers","PF","21","6' 11""","235 lbs","Gonzaga",""
"Paul Reed","Philadelphia Sixers","SF","22","6' 9""","210 lbs","DePaul","$1,517,981"
"Grant Riller","Philadelphia Sixers","G","24","6' 2""","190 lbs","Charleston",""
"Mike Scott","Philadelphia Sixers","PF","33","6' 7""","237 lbs","Virginia",""
"Ben Simmons","Philadelphia Sixers","PG","25","6' 11""","240 lbs","LSU","$33,003,936"
"Jaden Springer","Philadelphia Sixers","PG","18","6' 4""","204 lbs","Tennessee","$2,023,800"
"Matisse Thybulle","Philadelphia Sixers","SG","24","6' 5""","201 lbs","Washington","$2,840,160"
"Precious Achiuwa","Toronto Raptors","F","21","6' 8""","225 lbs","Memphis","$2,711,280"
"OG Anunoby","Toronto Raptors","SF","24","6' 7""","232 lbs","Indiana","$16,071,429"
"Dalano Banton","Toronto Raptors","PG","21","6' 9""","204 lbs","Nebraska","$925,258"
"Scottie Barnes","Toronto Raptors","SF","20","6' 9""","227 lbs","Florida State","$7,280,520"
"Khem Birch","Toronto Raptors","C","28","6' 9""","233 lbs","UNLV","$6,350,000"
"Isaac Bonga","Toronto Raptors","G","21","6' 8""","180 lbs","","$1,669,178"
"Chris Boucher","Toronto Raptors","PF","28","6' 9""","200 lbs","New Mexico JC","$7,020,000"
"Sam Dekker","Toronto Raptors","F","27","6' 9""","219 lbs","Wisconsin","$1,669,178"
"Goran Dragic","Toronto Raptors","PG","35","6' 3""","190 lbs","","$19,440,000"
"Malachi Flynn","Toronto Raptors","PG","23","6' 1""","175 lbs","San Diego State","$2,048,040"
"Freddie Gillespie","Toronto Raptors","SF","24","6' 9""","245 lbs","Baylor","$1,517,981"
"David Johnson","Toronto Raptors","PG","20","6' 5""","210 lbs","Louisville",""
"Stanley Johnson","Toronto Raptors","SF","25","6' 6""","242 lbs","Arizona",""
"Pascal Siakam","Toronto Raptors","PG","27","6' 9""","230 lbs","New Mexico State","$33,003,936"
"Gary Trent Jr.","Toronto Raptors","SG","22","6' 5""","209 lbs","Duke","$16,000,000"
"Fred VanVleet","Toronto Raptors","SG","27","6' 1""","197 lbs","Wichita State","$19,675,926"
"Yuta Watanabe","Toronto Raptors","SF","26","6' 9""","215 lbs","George Washington","$1,762,796"
"Ryan Arcidiacono","Chicago Bulls","PG","27","6' 3""","195 lbs","Villanova","$3,000,000"
"Lonzo Ball","Chicago Bulls","PG","23","6' 6""","190 lbs","UCLA","$18,604,651"
"Tony Bradley","Chicago Bulls","C","23","6' 10""","248 lbs","North Carolina","$1,669,178"
"Troy Brown Jr.","Chicago Bulls","SF","22","6' 6""","215 lbs","Oregon","$5,170,564"
"Alex Caruso","Chicago Bulls","SG","27","6' 4""","186 lbs","Texas A&M","$8,650,651"
"DeMar DeRozan","Chicago Bulls","SF","32","6' 6""","220 lbs","USC","$26,000,000"
"Ayo Dosunmu","Chicago Bulls","SG","21","6' 5""","200 lbs","Illinois","$925,258"
"Devon Dotson","Chicago Bulls","PG","22","6' 2""","185 lbs","Kansas",""
"Cristiano Felicio","Chicago Bulls","PF","29","6' 11""","270 lbs","",""
"Javonte Green","Chicago Bulls","PG","28","6' 4""","205 lbs","Radford","$1,669,178"
"Derrick Jones Jr.","Chicago Bulls","SF","24","6' 5""","210 lbs","UNLV","$9,720,900"
"Zach LaVine","Chicago Bulls","SG","26","6' 5""","200 lbs","UCLA","$19,500,000"
"Adam Mokoka","Chicago Bulls","SG","23","6' 4""","190 lbs","",""
"Denzel Valentine","Chicago Bulls","SG","27","6' 4""","220 lbs","Michigan State",""
"Nikola Vucevic","Chicago Bulls","C","30","6' 11""","260 lbs","USC","$24,000,000"
"Coby White","Chicago Bulls","PG","21","6' 5""","195 lbs","North Carolina","$5,837,760"
"Patrick Williams","Chicago Bulls","PF","20","6' 7""","215 lbs","Florida State","$7,422,000"
"Jarrett Allen","Cleveland Cavaliers","C","23","6' 11""","243 lbs","Texas","$20,000,000"
"Damyean Dotson","Cleveland Cavaliers","SG","27","6' 5""","210 lbs","Houston","$2,000,000"
"Darius Garland","Cleveland Cavaliers","PG","21","6' 1""","192 lbs","Vanderbilt","$7,040,880"
"Mfiondu Kabengele","Cleveland Cavaliers","C","24","6' 9""","250 lbs","Florida State","$1,701,593"
"Kevin Love","Cleveland Cavaliers","PF","33","6' 8""","251 lbs","UCLA","$31,258,256"
"Lauri Markkanen","Cleveland Cavaliers","PF","24","7' 0""","240 lbs","Arizona","$15,690,909"
"Evan Mobley","Cleveland Cavaliers","C","20","7' 0""","215 lbs","USC","$8,075,160"
"Isaac Okoro","Cleveland Cavaliers","SF","20","6' 5""","225 lbs","Auburn","$6,720,720"
"Cedi Osman","Cleveland Cavaliers","SF","26","6' 7""","230 lbs","","$8,133,334"
"Ricky Rubio","Cleveland Cavaliers","G","30","6' 3""","190 lbs","","$17,800,000"
"Collin Sexton","Cleveland Cavaliers","PG","22","6' 1""","190 lbs","Alabama","$6,439,671"
"Lamar Stevens","Cleveland Cavaliers","F","24","6' 6""","230 lbs","Penn State","$1,517,981"
"Brodric Thomas","Cleveland Cavaliers","G","24","6' 5""","185 lbs","Truman State",""
"Dean Wade","Cleveland Cavaliers","PF","24","6' 9""","228 lbs","Kansas State","$1,782,621"
"Dylan Windler","Cleveland Cavaliers","SG","24","6' 6""","196 lbs","Belmont","$2,239,200"
"Saddiq Bey","Detroit Pistons","SF","22","6' 7""","215 lbs","Villanova","$2,824,320"
"Cade Cunningham","Detroit Pistons","PG","19","6' 7""","220 lbs","Oklahoma State","$10,050,120"
"Hamidou Diallo","Detroit Pistons","SG","23","6' 5""","202 lbs","Kentucky","$5,200,000"
"Luka Garza","Detroit Pistons","C","22","6' 10""","243 lbs","Iowa",""
"Jerami Grant","Detroit Pistons","SF","27","6' 8""","210 lbs","Syracuse","$20,002,500"
"Killian Hayes","Detroit Pistons","PG","20","6' 5""","195 lbs","","$5,572,680"
"Frank Jackson","Detroit Pistons","PG","23","6' 3""","205 lbs","Duke","$3,000,000"
"Josh Jackson","Detroit Pistons","SG","24","6' 8""","207 lbs","Kansas","$5,005,350"
"Cory Joseph","Detroit Pistons","PG","30","6' 3""","200 lbs","Texas","$12,600,000"
"Balsa Koprivica","Detroit Pistons","C","21","7' 1""","240 lbs","Florida State",""
"Saben Lee","Detroit Pistons","PG","22","6' 2""","183 lbs","Vanderbilt","$1,489,065"
"Isaiah Livers","Detroit Pistons","PF","23","6' 6""","232 lbs","Michigan","$1,057,260"
"Trey Lyles","Detroit Pistons","PF","25","6' 9""","234 lbs","Kentucky","$2,500,000"
"Rodney McGruder","Detroit Pistons","SG","30","6' 4""","205 lbs","Kansas State","$1,669,178"
"Kelly Olynyk","Detroit Pistons","PF","30","6' 11""","240 lbs","Gonzaga","$12,195,122"
"Chris Smith","Detroit Pistons","F","21","6' 8""","215 lbs","UCLA",""
"Dennis Smith Jr.","Detroit Pistons","PG","23","6' 2""","205 lbs","North Carolina State",""
"Isaiah Stewart","Detroit Pistons","C","20","6' 8""","250 lbs","Washington","$3,277,080"
"Goga Bitadze","Indiana Pacers","C","22","6' 11""","250 lbs","","$3,098,400"
"Oshae Brissett","Indiana Pacers","SF","23","6' 7""","210 lbs","Syracuse","$1,701,593"
"Malcolm Brogdon","Indiana Pacers","PG","28","6' 5""","229 lbs","Virginia","$21,700,000"
"Torrey Craig","Indiana Pacers","SF","30","6' 7""","221 lbs","USC Upstate","$4,878,049"
"Chris Duarte","Indiana Pacers","SG","24","6' 6""","190 lbs","Oregon","$3,749,400"
"Justin Holiday","Indiana Pacers","SF","32","6' 6""","180 lbs","Washington","$6,006,420"
"Isaiah Jackson","Indiana Pacers","PF","19","6' 10""","205 lbs","Kentucky","$2,451,240"
"DeJon Jarreau","Indiana Pacers","F","23","6' 5""","185 lbs","Houston",""
"Jeremy Lamb","Indiana Pacers","SG","29","6' 5""","180 lbs","Connecticut","$10,500,000"
"Caris LeVert","Indiana Pacers","SG","27","6' 6""","205 lbs","Michigan","$17,500,000"
"Kelan Martin","Indiana Pacers","SG","26","6' 5""","230 lbs","Butler","$1,701,593"
"T.J. McConnell","Indiana Pacers","PG","29","6' 1""","190 lbs","Arizona","$7,500,000"
"Domantas Saboni","Indiana Pacers","PF","25","6' 11""","240 lbs","Gonzaga","$19,800,000"
"JaKarr Sampson","Indiana Pacers","SF","28","6' 7""","214 lbs","St. John's",""
"Cassius Stanley","Indiana Pacers","SG","22","6' 5""","190 lbs","Duke",""
"Edmond Sumner","Indiana Pacers","PG","25","6' 4""","196 lbs","Xavier","$2,320,000"
"Myles Turner","Indiana Pacers","C","25","6' 11""","250 lbs","Texas","$18,000,000"
"T.J. Warren","Indiana Pacers","SF","28","6' 8""","220 lbs","North Carolina State","$12,940,000"
"Grayson Allen","Milwaukee Bucks","SG","25","6' 4""","198 lbs","Duke","$4,054,695"
"Giannis Antetokounmpo","Milwaukee Bucks","PF","26","6' 11""","242 lbs","","$39,344,970"
"Thanasis Antetokounmpo","Milwaukee Bucks","SF","29","6' 6""","219 lbs","","$1,669,178"
"Elijah Bryant","Milwaukee Bucks","SG","26","6' 5""","210 lbs","BYU","$1,517,981"
"Pat Connaughton","Milwaukee Bucks","SG","28","6' 5""","209 lbs","Notre Dame","$5,333,334"
"Donte DiVincenzo","Milwaukee Bucks","SG","24","6' 4""","203 lbs","Villanova","$4,675,830"
"Mamadi Diakite","Milwaukee Bucks","PF","24","6' 9""","228 lbs","Virginia","$1,517,981"
"George Hill","Milwaukee Bucks","G","35","6' 4""","188 lbs","IUPUI","$4,000,000"
"Jrue Holiday","Milwaukee Bucks","PG","31","6' 3""","205 lbs","UCLA","$32,413,333"
"Rodney Hood","Milwaukee Bucks","SG","28","6' 8""","208 lbs","Duke","$1,669,178"
"Justin Jackson","Milwaukee Bucks","SF","26","6' 8""","220 lbs","North Carolina",""
"Rodions Kurucs","Milwaukee Bucks","SF","23","6' 9""","228 lbs","",""
"Brook Lopez","Milwaukee Bucks","C","33","7' 0""","282 lbs","Stanford","$13,302,325"
"Sandro Mamukelashvili","Milwaukee Bucks","C","22","6' 11""","240 lbs","Seton Hall",""
"Khris Middleton","Milwaukee Bucks","SF","30","6' 7""","222 lbs","Texas A&M","$35,500,000"
"Jordan Nwora","Milwaukee Bucks","SF","22","6' 8""","225 lbs","Louisville","$1,517,981"
"Semi Ojeleye","Milwaukee Bucks","PF","26","6' 6""","240 lbs","SMU","$1,669,178"
"Bobby Portis","Milwaukee Bucks","C","26","6' 10""","250 lbs","Arkansas",""
"Jeff Teague","Milwaukee Bucks","PG","33","6' 3""","195 lbs","Wake Forest",""
"Axel Toupane","Milwaukee Bucks","SG","29","6' 7""","210 lbs","",""
"Bogdan Bogdanovic","Atlanta Hawks","SG","29","6' 6""","220 lbs","","$18,000,000"
"Clint Capela","Atlanta Hawks","C","27","6' 10""","240 lbs","","$18,603,448"
"John Collins","Atlanta Hawks","PF","23","6' 9""","235 lbs","Wake Forest","$23,000,000"
"Sharife Cooper","Atlanta Hawks","PG","20","6' 1""","180 lbs","Auburn",""
"Gorgui Dieng","Atlanta Hawks","C","31","6' 10""","252 lbs","Louisville","$4,000,000"
"Danilo Gallinari","Atlanta Hawks","PF","33","6' 10""","233 lbs","","$20,475,000"
"Brandon Goodwin","Atlanta Hawks","PG","25","6' 0""","180 lbs","Florida Gulf Coast",""
"Solomon Hill","Atlanta Hawks","SF","30","6' 6""","226 lbs","Arizona","$1,669,178"
"Kevin Huerter","Atlanta Hawks","SG","23","6' 7""","190 lbs","Maryland","$4,253,357"
"De'Andre Hunter","Atlanta Hawks","SF","23","6' 8""","225 lbs","Virginia","$7,775,400"
"Jalen Johnson","Atlanta Hawks","SF","19","6' 9""","220 lbs","Duke","$2,659,580"
"Skylar Mays","Atlanta Hawks","SG","24","6' 4""","205 lbs","LSU",""
"Onyeka Okongwu","Atlanta Hawks","PF","20","6' 8""","235 lbs","USC","$6,104,280"
"Cam Reddish","Atlanta Hawks","SF","22","6' 8""","218 lbs","Duke","$4,670,160"
"Lou Williams","Atlanta Hawks","SG","34","6' 1""","175 lbs","","$5,000,000"
"Delon Wright","Atlanta Hawks","SG","29","6' 5""","185 lbs","Utah","$8,526,316"
"Trae Young","Atlanta Hawks","PG","22","6' 1""","180 lbs","Oklahoma","$8,326,471"
"LaMelo Ball","Charlotte Hornets","PG","20","6' 6""","180 lbs","","$8,231,760"
"Bismack Biyombo","Charlotte Hornets","C","29","6' 8""","255 lbs","",""
"James Bouknight","Charlotte Hornets","SG","20","6' 5""","190 lbs","Connecticut","$4,154,400"
"Miles Bridges","Charlotte Hornets","SF","23","6' 6""","225 lbs","Michigan State","$5,421,493"
"Vernon Carey Jr.","Charlotte Hornets","C","20","6' 9""","270 lbs","Duke","$1,517,981"
"Nate Darling","Charlotte Hornets","SG","23","6' 6""","200 lbs","Delaware",""
"Gordon Hayward","Charlotte Hornets","SF","31","6' 7""","225 lbs","Butler","$29,925,000"
"Wes Iwundu","Charlotte Hornets","SF","26","6' 6""","195 lbs","Kansas State","$1,824,003"
"Kai Jones","Charlotte Hornets","PF","20","6' 11""","218 lbs","Texas","$2,770,560"
"Scottie Lewis","Charlotte Hornets","SG","21","6' 5""","189 lbs","Florida",""
"Caleb Martin","Charlotte Hornets","SF","25","6' 5""","205 lbs","Nevada",""
"Cody Martin","Charlotte Hornets","SF","25","6' 5""","205 lbs","Nevada","$1,782,621"
"Jalen McDaniels","Charlotte Hornets","PF","23","6' 9""","205 lbs","San Diego State","$1,782,621"
"Kelly Oubre Jr.","Charlotte Hornets","SG","25","6' 7""","203 lbs","Kansas","$12,000,000"
"Mason Plumlee","Charlotte Hornets","C","31","6' 11""","254 lbs","Duke","$9,248,333"
"Nick Richards","Charlotte Hornets","C","23","7' 0""","245 lbs","Kentucky","$1,517,981"
"Terry Rozier","Charlotte Hornets","SG","27","6' 1""","190 lbs","Louisville","$17,905,263"
"Ish Smith","Charlotte Hornets","PG","33","6' 0""","175 lbs","Wake Forest","$4,500,000"
"JT Thor","Charlotte Hornets","PF","19","6' 10""","205 lbs","Auburn","$1,250,000"
"Brad Wanamaker","Charlotte Hornets","PG","32","6' 3""","210 lbs","Pittsburgh",""
"P.J. Washington","Charlotte Hornets","PF","23","6' 7""","230 lbs","Kentucky","$4,215,120"
"Bam Adebayo","Miami Heat","C","24","6' 9""","255 lbs","Kentucky","$28,103,500"
"Jimmy Butler","Miami Heat","SF","31","6' 7""","230 lbs","Marquette","$36,016,200"
"Dewayne Dedmon","Miami Heat","C","32","7' 0""","245 lbs","USC","$1,669,178"
"Marcus Garrett","Miami Heat","G","22","6' 5""","195 lbs","Kansas",""
"Udonis Haslem","Miami Heat","PF","41","6' 8""","235 lbs","Florida","$1,669,178"
"Tyler Herro","Miami Heat","PG","21","6' 5""","195 lbs","Kentucky","$4,004,280"
"Kyle Lowry","Miami Heat","PG","35","6' 0""","196 lbs","Villanova","$26,894,128"
"Markieff Morris","Miami Heat","PF","32","6' 9""","245 lbs","Kansas","$1,669,178"
"RJ Nembhard","Miami Heat","SG","22","6' 5""","200 lbs","TCU",""
"KZ Okpala","Miami Heat","SF","22","6' 8""","215 lbs","Stanford","$1,782,621"
"Victor Oladipo","Miami Heat","SG","29","6' 4""","213 lbs","Indiana","$1,669,178"
"Duncan Robinson","Miami Heat","SG","27","6' 7""","215 lbs","Michigan","$15,650,000"
"D.J. Stewart Jr.","Miami Heat","G","22","6' 6""","205 lbs","Mississippi State",""
"Max Strus","Miami Heat","SG","25","6' 5""","215 lbs","DePaul","$1,669,178"
"P.J. Tucker","Miami Heat","PF","36","6' 5""","245 lbs","Texas","$7,000,000"
"Gabe Vincent","Miami Heat","PG","25","6' 3""","200 lbs","UC Santa Barbara","$1,669,178"
"Omer Yurtseven","Miami Heat","C","23","7' 0""","275 lbs","Georgetown","$1,489,065"
"Cole Anthony","Orlando Magic","PG","21","6' 2""","185 lbs","North Carolina","$3,449,400"
"Mo Bamba","Orlando Magic","C","23","7' 0""","231 lbs","Texas","$7,568,743"
"Ignas Brazdeikis","Orlando Magic","SF","22","6' 6""","221 lbs","Michigan",""
"Wendell Carter Jr.","Orlando Magic","C","22","6' 10""","270 lbs","Duke","$6,920,027"
"Michael Carter-Williams","Orlando Magic","PG","29","6' 5""","190 lbs","Syracuse","$3,300,000"
"Jeff Dowtin","Orlando Magic","G","24","6' 3""","185 lbs","Rhode Island",""
"James Ennis III","Orlando Magic","SF","31","6' 6""","215 lbs","Long Beach State",""
"Markelle Fultz","Orlando Magic","PG","23","6' 3""","209 lbs","Washington","$16,500,000"
"Hassani Gravett","Orlando Magic","G","25","6' 2""","188 lbs","South Carolina",""
"R.J. Hampton","Orlando Magic","PG","20","6' 4""","175 lbs","","$2,303,040"
"Gary Harris","Orlando Magic","SG","26","6' 4""","210 lbs","Michigan State","$20,482,143"
"Jonathan Isaac","Orlando Magic","PF","23","6' 11""","230 lbs","Florida State","$17,400,000"
"Robin Lopez","Orlando Magic","C","33","7' 0""","281 lbs","Stanford","$5,000,000"
"Chuma Okeke","Orlando Magic","PF","23","6' 6""","229 lbs","Auburn","$3,277,080"
"Chasson Randle","Orlando Magic","PG","28","6' 2""","185 lbs","Stanford",""
"Terrence Ross","Orlando Magic","SG","30","6' 6""","206 lbs","Washington","$12,500,000"
"Jalen Suggs","Orlando Magic","SG","20","6' 4""","205 lbs","Gonzaga","$6,593,040"
"Jon Teske","Orlando Magic","C","24","7' 1""","265 lbs","Michigan",""
"Sindarius Thornwell","Orlando Magic","SG","26","6' 4""","215 lbs","South Carolina",""
"Franz Wagner","Orlando Magic","SF","20","6' 9""","220 lbs","Michigan","$5,007,840"
"Moritz Wagner","Orlando Magic","C","24","6' 11""","245 lbs","Michigan","$1,669,178"
"Deni Avdija","Washington Wizards","SF","20","6' 9""","210 lbs","","$4,692,840"
"Bradley Beal","Washington Wizards","SG","28","6' 3""","207 lbs","Florida","$33,724,200"
"Davis Bertans","Washington Wizards","SF","28","6' 10""","225 lbs","","$16,000,000"
"Thomas Bryant","Washington Wizards","C","24","6' 10""","248 lbs","Indiana","$8,666,667"
"Kentavious Caldwell-Pope","Washington Wizards","SG","28","6' 5""","204 lbs","Georgia","$13,038,862"
"Spencer Dinwiddie","Washington Wizards","PG","28","6' 5""","215 lbs","Colorado","$17,142,857"
"Daniel Gafford","Washington Wizards","C","22","6' 10""","234 lbs","Arkansas","$1,782,621"
"Anthony Gill","Washington Wizards","PF","28","6' 7""","230 lbs","Virginia","$1,517,981"
"Rui Hachimura","Washington Wizards","PF","23","6' 8""","230 lbs","Gonzaga","$4,916,160"
"Montrezl Harrell","Washington Wizards","C","27","6' 7""","240 lbs","Louisville","$9,720,900"
"Aaron Holiday","Washington Wizards","PG","24","6' 0""","185 lbs","UCLA","$3,980,551"
"Caleb Homesley","Washington Wizards","SG","24","6' 6""","205 lbs","Liberty","$1,517,981"
"Corey Kispert","Washington Wizards","SF","22","6' 7""","220 lbs","Gonzaga","$3,383,640"
"Kyle Kuzma","Washington Wizards","SF","26","6' 10""","221 lbs","Utah","$13,000,000"
"Garrison Mathews","Washington Wizards","SG","24","6' 5""","215 lbs","David Lipscomb University",""
"Raul Neto","Washington Wizards","PG","29","6' 1""","180 lbs","","$1,669,178"
"Isaiah Todd","Washington Wizards","PF","19","6' 10""","210 lbs","","$1,500,000"
"Cassius Winston","Washington Wizards","PG","23","6' 1""","185 lbs","Michigan State",""
"Jordan Bell","Golden State Warriors","F","26","6' 8""","216 lbs","Oregon",""
"Nemanja Bjelica","Golden State Warriors","PF","33","6' 10""","234 lbs","","$1,669,178"
"Chris Chiozza","Golden State Warriors","F","25","5' 11""","175 lbs","Florida",""
"Stephen Curry","Golden State Warriors","PG","33","6' 3""","185 lbs","Davidson","$45,780,966"
"Draymond Green","Golden State Warriors","PF","31","6' 6""","230 lbs","Michigan State","$24,026,712"
"Andre Iguodala","Golden State Warriors","F","37","6' 6""","215 lbs","Arizona","$1,669,178"
"Jonathan Kuminga","Golden State Warriors","PF","18","6' 7""","225 lbs","","$5,466,360"
"Damion Lee","Golden State Warriors","SG","28","6' 5""","210 lbs","Drexel","$1,910,860"
"Kevon Looney","Golden State Warriors","C","25","6' 9""","222 lbs","UCLA","$5,178,572"
"Nico Mannion","Golden State Warriors","PG","20","6' 2""","190 lbs","Arizona",""
"Moses Moody","Golden State Warriors","SG","19","6' 5""","211 lbs","Arkansas","$3,562,200"
"Mychal Mulder","Golden State Warriors","SG","27","6' 3""","184 lbs","Kentucky","$1,782,621"
"Gary Payton II","Golden State Warriors","PG","28","6' 3""","195 lbs","Salt Lake CC UT","$1,977,011"
"Jordan Poole","Golden State Warriors","SG","22","6' 4""","194 lbs","Michigan","$2,161,440"
"Otto Porter Jr.","Golden State Warriors","SF","28","6' 8""","198 lbs","Georgetown","$1,669,178"
"Klay Thompson","Golden State Warriors","SG","31","6' 6""","215 lbs","Washington State","$37,980,720"
"Juan Toscano-Anderson","Golden State Warriors","SF","28","6' 6""","209 lbs","Marquette","$1,701,593"
"Andrew Wiggins","Golden State Warriors","SF","26","6' 7""","197 lbs","Kansas","$31,579,390"
"James Wiseman","Golden State Warriors","C","20","7' 0""","240 lbs","Memphis","$9,166,800"
"Nicolas Batum","Los Angeles Clippers","PF","32","6' 8""","230 lbs","","$3,170,029"
"Eric Bledsoe","Los Angeles Clippers","SG","31","6' 1""","214 lbs","Kentucky","$18,125,000"
"Amir Coffey","Los Angeles Clippers","SG","24","6' 7""","210 lbs","Minnesota",""
"DeMarcus Cousins","Los Angeles Clippers","C","31","6' 10""","270 lbs","Kentucky",""
"Yogi Ferrell","Los Angeles Clippers","PG","28","6' 0""","178 lbs","Indiana","$1,782,621"
"Paul George","Los Angeles Clippers","SG","31","6' 8""","220 lbs","Fresno State","$39,344,900"
"Serge Ibaka","Los Angeles Clippers","C","31","6' 10""","235 lbs","","$9,720,900"
"Reggie Jackson","Los Angeles Clippers","PG","31","6' 2""","208 lbs","Boston College","$10,384,500"
"Keon Johnson","Los Angeles Clippers","SG","19","6' 5""","186 lbs","Tennessee","$2,553,120"
"Luke Kennard","Los Angeles Clippers","SG","25","6' 5""","206 lbs","Duke","$13,347,727"
"Kawhi Leonard","Los Angeles Clippers","SF","30","6' 7""","225 lbs","San Diego State","$36,016,200"
"Terance Mann","Los Angeles Clippers","SG","24","6' 5""","215 lbs","Florida State","$1,782,621"
"Marcus Morris Sr.","Los Angeles Clippers","SF","32","6' 8""","218 lbs","Kansas","$15,627,907"
"Patrick Patterson","Los Angeles Clippers","PF","32","6' 8""","235 lbs","Kentucky",""
"Jason Preston","Los Angeles Clippers","PG","22","6' 4""","187 lbs","Ohio","$1,062,303"
"Jay Scrubb","Los Angeles Clippers","SG","21","6' 5""","220 lbs","John A. Logan College",""
"Justise Winslow","Los Angeles Clippers","PF","25","6' 6""","222 lbs","Duke","$3,902,439"
"Ivica Zubac","Los Angeles Clippers","C","24","7' 0""","240 lbs","","$7,518,518"
"Kostas Antetokounmpo","Los Angeles Lakers","PF","23","6' 10""","200 lbs","Dayton",""
"Carmelo Anthony","Los Angeles Lakers","PF","37","6' 7""","238 lbs","Syracuse","$1,669,178"
"Trevor Ariza","Los Angeles Lakers","SF","36","6' 8""","215 lbs","UCLA","$1,669,178"
"Kent Bazemore","Los Angeles Lakers","SF","32","6' 4""","195 lbs","Old Dominion","$1,669,178"
"Devontae Cacok","Los Angeles Lakers","PF","24","6' 7""","240 lbs","North Carolina-Wilmington",""
"Anthony Davis","Los Angeles Lakers","PF","28","6' 10""","253 lbs","Kentucky","$35,361,360"
"Wayne Ellington","Los Angeles Lakers","SG","33","6' 4""","207 lbs","North Carolina","$1,669,178"
"Marc Gasol","Los Angeles Lakers","C","36","6' 11""","255 lbs","","$2,692,991"
"Talen Horton-Tucker","Los Angeles Lakers","SG","20","6' 4""","234 lbs","Iowa State","$9,500,000"
"Dwight Howard","Los Angeles Lakers","C","35","6' 10""","265 lbs","","$1,669,178"
"LeBron James","Los Angeles Lakers","SF","36","6' 9""","250 lbs","","$41,180,544"
"Wesley Matthews","Los Angeles Lakers","SG","34","6' 4""","220 lbs","Marquette",""
"Malik Monk","Los Angeles Lakers","SG","23","6' 3""","200 lbs","Kentucky","$1,669,178"
"Kendrick Nunn","Los Angeles Lakers","G","26","6' 2""","190 lbs","Illinois","$5,000,000"
"Rajon Rondo","Los Angeles Lakers","PG","35","6' 1""","180 lbs","Kentucky","$1,669,178"
"Russell Westbrook","Los Angeles Lakers","PG","32","6' 3""","200 lbs","UCLA","$44,211,146"
"Deandre Ayton","Phoenix Suns","C","23","6' 11""","250 lbs","Arizona","$12,632,950"
"Devin Booker","Phoenix Suns","SG","24","6' 5""","206 lbs","Kentucky","$31,650,600"
"Mikal Bridges","Phoenix Suns","SF","25","6' 6""","209 lbs","Villanova","$5,557,725"
"Jae Crowder","Phoenix Suns","PF","31","6' 6""","235 lbs","Marquette","$9,720,900"
"Langston Galloway","Phoenix Suns","SG","29","6' 1""","200 lbs","Saint Joseph's",""
"Chandler Hutchison","Phoenix Suns","SF","25","6' 6""","210 lbs","Boise State","$4,019,459"
"Cameron Johnson","Phoenix Suns","SF","25","6' 8""","210 lbs","North Carolina","$4,437,000"
"Frank Kaminsky","Phoenix Suns","PF","28","7' 0""","240 lbs","Wisconsin","$1,669,178"
"JaVale McGee","Phoenix Suns","C","33","7' 0""","270 lbs","Nevada","$5,000,000"
"E'Twaun Moore","Phoenix Suns","SG","32","6' 3""","191 lbs","Purdue",""
"Abdel Nader","Phoenix Suns","SF","27","6' 5""","225 lbs","Iowa State","$2,000,000"
"Chris Paul","Phoenix Suns","PG","36","6' 0""","175 lbs","Wake Forest","$30,000,000"
"Cameron Payne","Phoenix Suns","PG","27","6' 1""","183 lbs","Murray State","$6,500,000"
"Elfrid Payton","Phoenix Suns","PG","27","6' 3""","195 lbs","Louisiana-Lafayette","$1,669,178"
"Dario Saric","Phoenix Suns","PF","27","6' 10""","225 lbs","","$8,510,000"
"Landry Shamet","Phoenix Suns","SG","24","6' 4""","190 lbs","Wichita State","$3,768,342"
"Jalen Smith","Phoenix Suns","PF","21","6' 10""","215 lbs","Maryland","$4,458,000"
"Marvin Bagley III","Sacremento Kings","PF","22","6' 11""","235 lbs","Duke","$11,312,114"
"Harrison Barnes","Sacremento Kings","SF","29","6' 8""","225 lbs","North Carolina","$20,284,091"
"Terence Davis","Sacremento Kings","SG","24","6' 4""","201 lbs","Ole Miss","$4,000,000"
"De'Aaron Fox","Sacremento Kings","PG","23","6' 3""","185 lbs","Kentucky","$28,103,550"
"Tyrese Haliburton","Sacremento Kings","PG","21","6' 5""","185 lbs","Iowa State","$4,023,600"
"Maurice Harkless","Sacremento Kings","SF","28","6' 7""","220 lbs","St. John's","$4,347,600"
"Buddy Hield","Sacremento Kings","SG","28","6' 4""","220 lbs","Oklahoma","$22,768,890"
"Richaun Holmes","Sacremento Kings","C","27","6' 10""","235 lbs","Bowling Green","$10,384,500"
"Justin James","Sacremento Kings","SG","24","6' 7""","190 lbs","Wyoming","$1,782,621"
"Damian Jones","Sacremento Kings","C","26","6' 11""","245 lbs","Vanderbilt","$1,977,011"
"Louis King","Sacremento Kings","PF","22","6' 7""","205 lbs","Oregon",""
"Alex Len","Sacremento Kings","C","28","7' 0""","250 lbs","Maryland","$3,732,000"
"Chimezie Metu","Sacremento Kings","PF","24","6' 9""","225 lbs","USC","$1,762,796"
"Davion Mitchell","Sacremento Kings","PG","23","6' 2""","205 lbs","Baylor","$4,603,320"
"Neemias Queta","Sacremento Kings","C","22","7' 0""","245 lbs","Utah State",""
"Jahmi'us Ramsey","Sacremento Kings","SG","20","6' 3""","190 lbs","Texas Tech","$1,517,981"
"Tristan Thompson","Sacremento Kings","C","30","6' 9""","254 lbs","Texas","$9,720,900"
"Robert Woodard II","Sacremento Kings","SF","21","6' 6""","235 lbs","Mississippi State","$1,517,981"
"Moses Brown","Dallas Mavericks","C","21","7' 2""","245 lbs","UCLA","$1,701,593"
"Sterling Brown","Dallas Mavericks","SF","26","6' 5""","219 lbs","SMU","$3,000,000"
"Jalen Brunson","Dallas Mavericks","PG","25","6' 1""","190 lbs","Villanova","$1,802,057"
"Reggie Bullock","Dallas Mavericks","SF","30","6' 6""","205 lbs","North Carolina","$9,536,000"
"Trey Burke","Dallas Mavericks","PG","28","6' 0""","185 lbs","Michigan","$3,150,000"
"Willie Cauley-Stein","Dallas Mavericks","C","28","7' 0""","240 lbs","Kentucky","$4,100,000"
"Luka Doncic","Dallas Mavericks","PG","22","6' 7""","230 lbs","","$10,174,391"
"Dorian Finney-Smith","Dallas Mavericks","PF","28","6' 7""","220 lbs","Florida","$4,000,000"
"Josh Green","Dallas Mavericks","SG","20","6' 5""","200 lbs","Arizona","$2,957,520"
"Tim Hardaway Jr.","Dallas Mavericks","SF","29","6' 5""","205 lbs","Michigan","$21,308,816"
"Maxi Kleber","Dallas Mavericks","PF","29","6' 10""","240 lbs","","$8,975,000"
"Boban Marjanovic","Dallas Mavericks","C","33","7' 4""","290 lbs","","$3,500,000"
"JaQuori McLaughlin","Dallas Mavericks","G","23","6' 4""","190 lbs","UC Santa Barbara",""
"Eugene Omoruyi","Dallas Mavericks","F","24","6' 6""","235 lbs","Oregon",""
"Kristaps Porzingis","Dallas Mavericks","C","26","7' 3""","240 lbs","","$31,650,600"
"Dwight Powell","Dallas Mavericks","C","30","6' 10""","240 lbs","Stanford","$11,080,125"
"JJ Redick","Dallas Mavericks","SG","37","6' 3""","200 lbs","Duke",""
"Tyrell Terry","Dallas Mavericks","PG","20","6' 2""","160 lbs","Stanford","$1,517,981"
"D.J. Augustin","Houston Rockets","PG","33","5' 11""","183 lbs","Texas","$7,000,000"
"Avery Bradley","Houston Rockets","PG","30","6' 3""","180 lbs","Texas",""
"Armoni Brooks","Houston Rockets","SG","23","6' 3""","195 lbs","Houston",""
"Josh Christopher","Houston Rockets","SG","19","6' 5""","215 lbs","Arizona State","$2,259,240"
"Dante Exum","Houston Rockets","PG","26","6' 5""","214 lbs","",""
"Usman Garuba","Houston Rockets","PF","19","6' 8""","230 lbs","","$2,353,320"
"Eric Gordon","Houston Rockets","SG","32","6' 3""","215 lbs","Indiana","$18,218,818"
"Jalen Green","Houston Rockets","SG","19","6' 6""","178 lbs","","$8,992,200"
"Danuel House Jr.","Houston Rockets","SF","28","6' 6""","220 lbs","Texas A&M","$3,894,000"
"Matthew Hurt","Houston Rockets","F","21","6' 9""","235 lbs","Duke",""
"Anthony Lamb","Houston Rockets","SF","23","6' 6""","227 lbs","Vermont",""
"Kenyon Martin Jr.","Houston Rockets","SF","20","6' 6""","215 lbs","","$1,517,981"
"David Nwaba","Houston Rockets","SF","28","6' 5""","219 lbs","Cal Poly","$4,650,000"
"Kevin Porter Jr.","Houston Rockets","SG","21","6' 4""","203 lbs","USC","$1,782,621"
"Alperen Sengun","Houston Rockets","C","19","6' 9""","235 lbs","","$3,214,680"
"Jae'Sean Tate","Houston Rockets","SF","25","6' 4""","230 lbs","Ohio State","$1,517,981"
"Daniel Theis","Houston Rockets","C","29","6' 8""","245 lbs","","$8,280,351"
"Khyri Thomas","Houston Rockets","SG","25","6' 3""","210 lbs","Creighton","$1,762,796"
"John Wall","Houston Rockets","PG","31","6' 3""","210 lbs","Kentucky","$44,310,840"
"D.J. Wilson","Houston Rockets","PF","25","6' 10""","231 lbs","Michigan",""
"Christian Wood","Houston Rockets","C","25","6' 10""","214 lbs","UNLV","$13,666,667"
"Steven Adams","Memphis Grizzlies","C","28","6' 11""","265 lbs","Pittsburgh","$17,073,171"
"Santi Aldama","Memphis Grizzlies","PF","20","6' 11""","215 lbs","Loyola (MD)","$1,994,520"
"Kyle Anderson","Memphis Grizzlies","SF","27","6' 9""","230 lbs","UCLA","$9,937,150"
"Desmond Bane","Memphis Grizzlies","SG","23","6' 5""","215 lbs","TCU","$2,033,160"
"Dillon Brooks","Memphis Grizzlies","SF","25","6' 7""","225 lbs","Oregon","$12,200,000"
"Brandon Clarke","Memphis Grizzlies","PF","24","6' 8""","215 lbs","Gonzaga","$2,726,880"
"Jarrett Culver","Memphis Grizzlies","G","22","6' 6""","195 lbs","Texas Tech","$6,395,160"
"Tim Frazier","Memphis Grizzlies","PG","30","6' 0""","170 lbs","Penn State",""
"Juancho Hernangomez","Memphis Grizzlies","F","25","6' 9""","214 lbs","","$6,907,815"
"Jaren Jackson Jr.","Memphis Grizzlies","PF","21","6' 11""","242 lbs","Michigan State","$9,180,560"
"Tyus Jones","Memphis Grizzlies","PG","25","6' 0""","196 lbs","Duke","$8,376,286"
"John Konchar","Memphis Grizzlies","SG","25","6' 5""","210 lbs","","$2,200,000"
"Sean McDermott","Memphis Grizzlies","SG","24","6' 6""","195 lbs","Butler",""
"De'Anthony Melton","Memphis Grizzlies","SG","23","6' 2""","200 lbs","USC","$8,805,976"
"Sam Merrill","Memphis Grizzlies","SG","25","6' 4""","205 lbs","Utah State","$1,517,981"
"Ja Morant","Memphis Grizzlies","PG","22","6' 3""","174 lbs","Murray State","$9,603,360"
"Daniel Oturu","Memphis Grizzlies","C","21","6' 8""","240 lbs","Minnesota","$1,517,981"
"Yves Pons","Memphis Grizzlies","G","22","6' 6""","215 lbs","Tennessee",""
"Jontay Porter","Memphis Grizzlies","PF","21","6' 11""","240 lbs","Missouri","$1,950,000"
"Killian Tillie","Memphis Grizzlies","C","23","6' 9""","220 lbs","Gonzaga",""
"Xavier Tillman","Memphis Grizzlies","C","22","6' 8""","245 lbs","Michigan State","$1,517,981"
"Ziaire Williams","Memphis Grizzlies","SG","19","6' 8""","185 lbs","Stanford","$4,373,040"
"Nickeil Alexander-Walker","New Orleans Pelicans","SG","23","6' 6""","205 lbs","Virginia Tech","$3,261,480"
"Wenyen Gabriel","New Orleans Pelicans","PF","24","6' 9""","205 lbs","Kentucky","$1,762,796"
"Devonte' Graham","New Orleans Pelicans","G","26","6' 1""","195 lbs","Kansas","$11,000,000"
"Josh Hart","New Orleans Pelicans","SG","26","6' 5""","215 lbs","Villanova","$12,000,000"
"Jaxson Hayes","New Orleans Pelicans","C","21","6' 11""","220 lbs","Texas","$5,348,280"
"Willy Hernangomez","New Orleans Pelicans","C","27","6' 11""","250 lbs","","$2,327,220"
"Brandon Ingram","New Orleans Pelicans","SF","24","6' 8""","190 lbs","Duke","$29,467,800"
"Herbert Jones","New Orleans Pelicans","SF","22","6' 8""","210 lbs","Alabama","$1,700,000"
"Kira Lewis Jr.","New Orleans Pelicans","PG","20","6' 1""","170 lbs","Alabama","$3,822,240"
"Didi Louzada","New Orleans Pelicans","SF","22","6' 5""","185 lbs","","$1,786,878"
"Naji Marshall","New Orleans Pelicans","SF","23","6' 7""","220 lbs","Xavier","$1,517,981"
"Trey Murphy III","New Orleans Pelicans","SG","21","6' 9""","206 lbs","Virginia","$3,053,760"
"James Nunnally","New Orleans Pelicans","SF","31","6' 7""","205 lbs","UC Santa Barbara",""
"Tomas Satoransky","New Orleans Pelicans","SG","29","6' 7""","210 lbs","","$10,000,000"
"Garrett Temple","New Orleans Pelicans","SF","35","6' 5""","195 lbs","LSU","$4,910,000"
"Jonas Valanciunas","New Orleans Pelicans","C","29","6' 11""","265 lbs","","$14,000,000"
"Zion Williamson","New Orleans Pelicans","PF","21","6' 7""","284 lbs","Duke","$10,733,400"
"Al-Farouq Aminu","San Antonio Spurs","PF","30","6' 8""","220 lbs","Wake Forest","$10,183,800"
"Keita Bates-Diop","San Antonio Spurs","SF","25","6' 8""","229 lbs","Ohio State",""
"Zach Collins","San Antonio Spurs","PF","23","6' 11""","250 lbs","Gonzaga","$7,000,000"
"Drew Eubanks","San Antonio Spurs","PF","24","6' 9""","245 lbs","Oregon State","$1,762,796"
"Bryn Forbes","San Antonio Spurs","SG","28","6' 2""","205 lbs","Cleveland State","$4,500,000"
"DaQuan Jeffries","San Antonio Spurs","SG","24","6' 5""","225 lbs","Western Texas Coll. (J.C.)","$1,701,593"
"Keldon Johnson","San Antonio Spurs","SF","21","6' 5""","220 lbs","Kentucky","$2,145,720"
"Tre Jones","San Antonio Spurs","PG","21","6' 1""","185 lbs","Duke","$1,517,981"
"Jock Landale","San Antonio Spurs","C","25","6' 11""","255 lbs","Saint Mary's","$925,258"
"Doug McDermott","San Antonio Spurs","SF","29","6' 7""","225 lbs","Creighton","$13,750,000"
"Dejounte Murray","San Antonio Spurs","PG","24","6' 4""","180 lbs","Washington","$15,428,880"
"Jakob Poeltl","San Antonio Spurs","C","25","7' 1""","245 lbs","Utah","$8,750,000"
"Joshua Primo","San Antonio Spurs","SG","18","6' 6""","190 lbs","Alabama","$3,946,800"
"Luka Samanic","San Antonio Spurs","PF","21","6' 10""","227 lbs","","$2,959,080"
"Devin Vassell","San Antonio Spurs","SG","21","6' 5""","200 lbs","Florida State","$4,235,160"
"Lonnie Walker IV","San Antonio Spurs","SG","22","6' 4""","204 lbs","Miami (FL)","$4,447,896"
"Derrick White","San Antonio Spurs","PG","27","6' 4""","190 lbs","Colorado","$15,178,571"
"Joe Wieskamp","San Antonio Spurs","SF","22","6' 6""","210 lbs","Iowa",""
"Thaddeus Young","San Antonio Spurs","PF","33","6' 8""","235 lbs","Georgia Tech","$14,190,000"
"Will Barton","Denver Nuggets","SF","30","6' 6""","181 lbs","Memphis","$15,625,000"
"Bol Bol","Denver Nuggets","C","21","7' 2""","220 lbs","Oregon","$2,161,152"
"Facundo Campazzo","Denver Nuggets","PG","30","5' 10""","195 lbs","","$3,200,000"
"Vlatko Cancar","Denver Nuggets","SF","24","6' 8""","236 lbs","","$1,782,621"
"PJ Dozier","Denver Nuggets","SG","24","6' 6""","205 lbs","South Carolina","$1,910,860"
"Aaron Gordon","Denver Nuggets","PF","25","6' 8""","235 lbs","Arizona","$16,409,091"
"JaMychal Green","Denver Nuggets","PF","31","6' 8""","227 lbs","Alabama","$8,200,000"
"Jeff Green","Denver Nuggets","PF","35","6' 8""","235 lbs","Georgetown","$4,500,000"
"Shaquille Harrison","Denver Nuggets","SG","27","6' 7""","190 lbs","Tulsa",""
"Markus Howard","Denver Nuggets","PG","22","5' 10""","175 lbs","Marquette",""
"Nah'Shon Hyland","Denver Nuggets","PG","20","6' 3""","165 lbs","Virginia Commonwealth","$2,096,880"
"Nikola Jokic","Denver Nuggets","C","26","6' 11""","284 lbs","","$31,579,390"
"Monte Morris","Denver Nuggets","PG","26","6' 2""","183 lbs","Iowa State","$8,449,074"
"Jamal Murray","Denver Nuggets","PG","24","6' 3""","215 lbs","Kentucky","$29,467,800"
"Zeke Nnaji","Denver Nuggets","PF","20","6' 9""","240 lbs","Arizona","$2,498,760"
"Michael Porter Jr.","Denver Nuggets","SF","23","6' 10""","218 lbs","Missouri","$5,258,735"
"Austin Rivers","Denver Nuggets","SG","29","6' 4""","200 lbs","Duke","$1,669,178"
"Malik Beasley","Minnesota Timberwolves","SG","24","6' 4""","187 lbs","Florida State","$14,491,964"
"Patrick Beverley","Minnesota Timberwolves","PG","33","6' 1""","180 lbs","Arkansas","$14,320,988"
"Ed Davis","Minnesota Timberwolves","C","32","6' 9""","218 lbs","North Carolina",""
"Anthony Edwards","Minnesota Timberwolves","SF","20","6' 4""","225 lbs","Georgia","$10,245,480"
"Nathan Knight","Minnesota Timberwolves","F","23","6' 10""","253 lbs","William & Mary",""
"Jake Layman","Minnesota Timberwolves","SF","27","6' 8""","209 lbs","Maryland","$3,940,185"
"Jaden McDaniels","Minnesota Timberwolves","PF","20","6' 9""","185 lbs","Washington","$2,063,280"
"Jordan McLaughlin","Minnesota Timberwolves","PG","25","5' 11""","185 lbs","USC",""
"Jaylen Nowell","Minnesota Timberwolves","SG","22","6' 4""","201 lbs","Washington","$1,782,621"
"Josh Okogie","Minnesota Timberwolves","SF","23","6' 4""","213 lbs","Georgia Tech","$4,087,904"
"Taurean Prince","Minnesota Timberwolves","PF","27","6' 7""","218 lbs","Baylor","$13,000,000"
"Naz Reid","Minnesota Timberwolves","C","22","6' 9""","264 lbs","LSU","$1,782,621"
"D'Angelo Russell","Minnesota Timberwolves","PG","25","6' 4""","193 lbs","Ohio State","$30,013,500"
"Karl-Anthony Towns","Minnesota Timberwolves","C","25","6' 11""","248 lbs","Kentucky","$31,650,600"
"Jarred Vanderbilt","Minnesota Timberwolves","PF","22","6' 9""","214 lbs","Kentucky",""
"Darius Bazley","Oklahoma City Thunder","PF","21","6' 8""","208 lbs","","$2,513,040"
"Charlie Brown Jr.","Oklahoma City Thunder","F","24","6' 6""","199 lbs","Saint Joseph's","$1,701,593"
"Charlie Brown Jr.","Oklahoma City Thunder","SF","24","6' 6""","199 lbs","Saint Joseph's",""
"Gabriel Deck","Oklahoma City Thunder","SF","26","6' 6""","231 lbs","","$3,676,852"
"Luguentz Dort","Oklahoma City Thunder","SF","22","6' 3""","215 lbs","Arizona State","$1,782,621"
"Derrick Favors","Oklahoma City Thunder","C","30","6' 9""","265 lbs","Georgia Tech","$9,720,900"
"Josh Giddey","Oklahoma City Thunder","SG","18","6' 8""","205 lbs","","$5,988,000"
"Shai Gilgeous-Alexander","Oklahoma City Thunder","SG","23","6' 6""","180 lbs","Kentucky","$5,495,532"
"Josh Hall","Oklahoma City Thunder","SF","20","6' 9""","190 lbs","Moravian",""
"Jaylen Hoard","Oklahoma City Thunder","SF","22","6' 8""","216 lbs","Wake Forest",""
"Ty Jerome","Oklahoma City Thunder","SG","24","6' 5""","195 lbs","Virginia","$2,412,840"
"Vit Krejci","Oklahoma City Thunder","F","21","6' 8""","195 lbs","",""
"Theo Maledon","Oklahoma City Thunder","PG","20","6' 4""","175 lbs","","$2,000,000"
"Tre Mann","Oklahoma City Thunder","PG","20","6' 3""","178 lbs","Florida","$2,901,240"
"Mike Muscala","Oklahoma City Thunder","C","30","6' 10""","240 lbs","Bucknell","$3,365,385"
"Svi Mykhailiuk","Oklahoma City Thunder","SG","24","6' 7""","205 lbs","Kansas",""
"Aleksej Pokusevski","Oklahoma City Thunder","PF","19","7' 0""","190 lbs","","$3,113,160"
"Jeremiah Robinson-Earl","Oklahoma City Thunder","PF","20","6' 8""","242 lbs","Villanova","$2,000,000"
"Isaiah Roby","Oklahoma City Thunder","C","23","6' 8""","230 lbs","Nebraska","$1,782,621"
"Aaron Wiggins","Oklahoma City Thunder","SG","22","6' 5""","190 lbs","Maryland",""
"Kenrich Williams","Oklahoma City Thunder","SF","26","6' 6""","210 lbs","TCU","$2,000,000"
"Keljin Blevins","Portland Trail Blazers","SF","25","6' 4""","200 lbs","Montana State",""
"Greg Brown","Portland Trail Blazers","PF","20","6' 9""","205 lbs","Texas","$925,258"
"Robert Covington","Portland Trail Blazers","PF","30","6' 7""","209 lbs","Tennessee State","$12,975,471"
"CJ Elleby","Portland Trail Blazers","SG","21","6' 6""","200 lbs","Washington State","$1,517,981"
"Harry Giles III","Portland Trail Blazers","PF","23","6' 11""","240 lbs","Duke",""
"Rondae Hollis-Jefferson","Portland Trail Blazers","SF","26","6' 6""","217 lbs","Arizona",""
"T.J. Leaf","Portland Trail Blazers","PF","24","6' 10""","222 lbs","UCLA",""
"Damian Lillard","Portland Trail Blazers","PG","31","6' 2""","195 lbs","Weber State","$39,344,900"
"Nassir Little","Portland Trail Blazers","SF","21","6' 5""","220 lbs","North Carolina","$2,316,240"
"CJ McCollum","Portland Trail Blazers","SG","29","6' 3""","190 lbs","Lehigh","$30,864,198"
"Ben McLemore","Portland Trail Blazers","SG","28","6' 3""","195 lbs","Kansas","$1,669,178"
"Larry Nance Jr.","Portland Trail Blazers","PF","28","6' 7""","245 lbs","Wyoming","$10,690,909"
"Jusuf Nurkic","Portland Trail Blazers","C","27","6' 11""","290 lbs","","$12,000,000"
"Norman Powell","Portland Trail Blazers","SF","28","6' 3""","215 lbs","UCLA","$15,517,241"
"Anfernee Simons","Portland Trail Blazers","SG","22","6' 3""","181 lbs","","$3,938,818"
"Tony Snell","Portland Trail Blazers","SF","29","6' 6""","213 lbs","New Mexico","$1,669,178"
"Trendon Watford","Portland Trail Blazers","F","20","6' 9""","240 lbs","LSU",""
"Cody Zeller","Portland Trail Blazers","C","28","6' 11""","240 lbs","Indiana","$1,669,178"
"Udoka Azubuike","Utah Jazz","C","21","6' 10""","280 lbs","Kansas","$2,075,880"
"Bojan Bogdanovic","Utah Jazz","SF","32","6' 7""","226 lbs","","$18,700,000"
"Jarrell Brantley","Utah Jazz","PF","25","6' 5""","250 lbs","Charleston","$1,669,178"
"Jared Butler","Utah Jazz","SG","21","6' 3""","195 lbs","Baylor","$925,258"
"Jordan Clarkson","Utah Jazz","PG","29","6' 4""","194 lbs","Missouri","$12,420,000"
"Mike Conley","Utah Jazz","PG","33","6' 1""","175 lbs","Ohio State","$21,000,000"
"Trent Forrest","Utah Jazz","SG","23","6' 4""","210 lbs","Florida State",""
"Rudy Gay","Utah Jazz","SF","35","6' 8""","250 lbs","Connecticut","$5,890,000"
"Rudy Gobert","Utah Jazz","C","29","7' 1""","258 lbs","","$35,344,828"
"Elijah Hughes","Utah Jazz","SF","23","6' 5""","215 lbs","Syracuse","$1,517,981"
"Ersan Ilyasova","Utah Jazz","PF","34","6' 9""","235 lbs","",""
"Joe Ingles","Utah Jazz","SG","33","6' 8""","220 lbs","","$13,036,364"
"Donovan Mitchell","Utah Jazz","SG","25","6' 1""","215 lbs","Louisville","$28,103,500"
"Juwan Morgan","Utah Jazz","SF","24","6' 7""","232 lbs","Indiana",""
"Royce O'Neale","Utah Jazz","PF","28","6' 4""","226 lbs","Baylor","$8,800,000"
"Olumiye Oni","Utah Jazz","SG","24","6' 5""","206 lbs","Yale","$1,782,621"
"Eric Paschall","Utah Jazz","F","24","6' 6""","255 lbs","Villanova","$1,782,621"
"Hassan Whiteside","Utah Jazz","C","32","7' 0""","265 lbs","Marshall","$1,669,178"
"","","","","","","",""
"","","","","","","",""
"","","","","","","",""
"","","","","","","",""
"","","","","","","",""
"","","","","","","",""
